{
  "simulation": "SIM04",
  "simulation_number": 4,
  "model": "YOLOv8",
  "accuracy": 0.9764705882352941,
  "precision": 0.9807692307692307,
  "recall": 0.9807692307692307,
  "f1_score": 0.9807692307692307,
  "total_images": 200,
  "valid_predictions": 85,
  "invalid_predictions": 115,
  "true_negatives": 32,
  "false_positives": 1,
  "false_negatives": 1,
  "true_positives": 51,
  "timestamp": "2025-12-03T15:54:07.826939"
}