{
  "simulation": "SIM06",
  "simulation_number": 6,
  "model": "YOLOv8",
  "accuracy": 0.945054945054945,
  "precision": 0.9508196721311475,
  "recall": 0.9666666666666667,
  "f1_score": 0.9586776859504132,
  "total_images": 200,
  "valid_predictions": 91,
  "invalid_predictions": 109,
  "true_negatives": 28,
  "false_positives": 3,
  "false_negatives": 2,
  "true_positives": 58,
  "timestamp": "2025-12-03T15:57:12.977820"
}