{
  "simulation": "SIM01",
  "simulation_number": 1,
  "model": "YOLOv8",
  "accuracy": 0.9387755102040817,
  "precision": 0.927536231884058,
  "recall": 0.9846153846153847,
  "f1_score": 0.9552238805970149,
  "total_images": 200,
  "valid_predictions": 98,
  "invalid_predictions": 102,
  "true_negatives": 28,
  "false_positives": 5,
  "false_negatives": 1,
  "true_positives": 64,
  "timestamp": "2025-12-03T15:50:00.568603"
}