{
  "simulation": "SIM07",
  "simulation_number": 7,
  "model": "YOLOv8",
  "accuracy": 0.9186046511627907,
  "precision": 0.9152542372881356,
  "recall": 0.9642857142857143,
  "f1_score": 0.9391304347826087,
  "total_images": 200,
  "valid_predictions": 86,
  "invalid_predictions": 114,
  "true_negatives": 25,
  "false_positives": 5,
  "false_negatives": 2,
  "true_positives": 54,
  "timestamp": "2025-12-03T15:58:39.372987"
}