{
  "simulation": "SIM05",
  "simulation_number": 5,
  "model": "YOLOv8",
  "accuracy": 0.9887640449438202,
  "precision": 1.0,
  "recall": 0.9827586206896551,
  "f1_score": 0.991304347826087,
  "total_images": 200,
  "valid_predictions": 89,
  "invalid_predictions": 111,
  "true_negatives": 31,
  "false_positives": 0,
  "false_negatives": 1,
  "true_positives": 57,
  "timestamp": "2025-12-03T15:55:29.188222"
}