{
  "simulation": "SIM11",
  "simulation_number": 11,
  "model": "YOLOv8",
  "accuracy": 0.9418604651162791,
  "precision": 0.9655172413793104,
  "recall": 0.9491525423728814,
  "f1_score": 0.9572649572649573,
  "total_images": 200,
  "valid_predictions": 86,
  "invalid_predictions": 114,
  "true_negatives": 25,
  "false_positives": 2,
  "false_negatives": 3,
  "true_positives": 56,
  "timestamp": "2025-12-03T16:35:36.001166"
}