{
  "simulation": "SIM16",
  "simulation_number": 16,
  "model": "YOLOv8",
  "accuracy": 0.9292929292929293,
  "precision": 0.9701492537313433,
  "recall": 0.9285714285714286,
  "f1_score": 0.948905109489051,
  "total_images": 200,
  "valid_predictions": 99,
  "invalid_predictions": 101,
  "true_negatives": 27,
  "false_positives": 2,
  "false_negatives": 5,
  "true_positives": 65,
  "timestamp": "2025-12-03T17:59:54.763122"
}