{
  "simulation": "SIM22",
  "simulation_number": 22,
  "model": "YOLOv8",
  "accuracy": 0.9381443298969072,
  "precision": 0.9701492537313433,
  "recall": 0.9420289855072463,
  "f1_score": 0.9558823529411765,
  "total_images": 200,
  "valid_predictions": 97,
  "invalid_predictions": 103,
  "true_negatives": 26,
  "false_positives": 2,
  "false_negatives": 4,
  "true_positives": 65,
  "timestamp": "2025-12-03T18:10:09.698959"
}