{
  "simulation": "SIM28",
  "simulation_number": 28,
  "model": "YOLOv8",
  "accuracy": 0.9560439560439561,
  "precision": 0.9814814814814815,
  "recall": 0.9464285714285714,
  "f1_score": 0.9636363636363636,
  "total_images": 200,
  "valid_predictions": 91,
  "invalid_predictions": 109,
  "true_negatives": 34,
  "false_positives": 1,
  "false_negatives": 3,
  "true_positives": 53,
  "timestamp": "2025-12-03T18:19:13.812902"
}