{
  "simulation": "SIM21",
  "simulation_number": 21,
  "model": "YOLOv8",
  "accuracy": 0.9761904761904762,
  "precision": 0.9821428571428571,
  "recall": 0.9821428571428571,
  "f1_score": 0.9821428571428571,
  "total_images": 200,
  "valid_predictions": 84,
  "invalid_predictions": 116,
  "true_negatives": 27,
  "false_positives": 1,
  "false_negatives": 1,
  "true_positives": 55,
  "timestamp": "2025-12-03T18:08:49.070527"
}