{
  "model": "YOLOv8",
  "num_simulations": 30,
  "total_simulations": 30,
  "missing_simulations": [],
  "timestamp": "2025-12-03T19:14:41.354637",
  "metrics": {
    "accuracy": {
      "mean": 0.9581979304046448,
      "median": 0.9618909354867979,
      "std": 0.022622566359139198,
      "min": 0.9186046511627907,
      "max": 0.9904761904761905,
      "q1": 0.9383021249737008,
      "q3": 0.9764005602240896
    },
    "precision": {
      "mean": 0.9671259980353258,
      "median": 0.9701492537313433,
      "std": 0.0270262883090478,
      "min": 0.9047619047619048,
      "max": 1.0,
      "q1": 0.9539741847826086,
      "q3": 0.984375
    },
    "recall": {
      "mean": 0.9693792495839332,
      "median": 0.9710084033613445,
      "std": 0.021542735307754753,
      "min": 0.9285714285714286,
      "max": 1.0,
      "q1": 0.9515762925598991,
      "q3": 0.9846153846153847
    },
    "f1_score": {
      "mean": 0.967944564924874,
      "median": 0.9694638694638695,
      "std": 0.01732246228325239,
      "min": 0.9354838709677419,
      "max": 0.9927007299270073,
      "q1": 0.9553884986830553,
      "q3": 0.9817994505494505
    }
  }
}